<?xml version="1.0" encoding="UTF-8"?>
<project-private xmlns="http://www.netbeans.org/ns/project-private/1">
    <editor-bookmarks xmlns="http://www.netbeans.org/ns/editor-bookmarks/2" lastBookmarkId="0"/>
    <open-files xmlns="http://www.netbeans.org/ns/projectui-open-files/2">
        <group>
            <file>file:/C:/Users/FERDI/Documents/NetBeansProjects/AppProjectPerpus/src/MainPackage/Config.java</file>
            <file>file:/C:/Users/FERDI/Documents/NetBeansProjects/AppProjectPerpus/src/MainPackage/ui/login/LoginView.java</file>
            <file>file:/C:/Users/FERDI/Documents/NetBeansProjects/AppProjectPerpus/src/MainPackage/ui/petugas/repository/PetugasRepository.java</file>
            <file>file:/C:/Users/FERDI/Documents/NetBeansProjects/AppProjectPerpus/src/MainPackage/Constant.java</file>
            <file>file:/C:/Users/FERDI/Documents/NetBeansProjects/AppProjectPerpus/src/MainPackage/MainForm.java</file>
            <file>file:/C:/Users/FERDI/Documents/NetBeansProjects/AppProjectPerpus/src/MainPackage/ui/peminjaman/repository/PeminjamanRepository.java</file>
            <file>file:/C:/Users/FERDI/Documents/NetBeansProjects/AppProjectPerpus/src/MainPackage/ui/peminjaman/PeminjamanView.java</file>
            <file>file:/C:/Users/FERDI/Documents/NetBeansProjects/AppProjectPerpus/src/MainPackage/ui/laporan_peminjaman/LaporanPeminjamanView.java</file>
            <file>file:/C:/Users/FERDI/Documents/NetBeansProjects/AppProjectPerpus/src/MainPackage/ui/peminjaman/entity/Peminjaman.java</file>
        </group>
    </open-files>
</project-private>
